City_ID,City_ID,City,Country,Date,Lat,Lng,Max Temp,Humidity,Cloudiness,Wind Speed
0,0,Kalmunai,LK,2022-05-24 20:17:31,7.4167,81.8167,299.36,82,100,3.16
1,1,Albany,US,2022-05-24 20:14:50,42.6001,-73.9662,296.5,45,55,2.25
2,2,Mataura,NZ,2022-05-24 20:17:31,-46.1927,168.8643,282.86,74,74,5.0
3,3,Elko,US,2022-05-24 20:17:32,41.0002,-115.5012,294.16,11,0,5.36
4,4,Carnarvon,AU,2022-05-24 20:17:32,-24.8667,113.6333,292.88,66,24,3.99
5,5,Port Alfred,ZA,2022-05-24 20:17:32,-33.5906,26.891,289.92,91,73,0.45
6,6,Berlevag,NO,2022-05-24 20:17:33,70.8578,29.0864,284.12,43,0,1.54
7,7,Tiksi,RU,2022-05-24 20:17:33,71.6872,128.8694,272.68,97,99,2.9
8,8,Avarua,CK,2022-05-24 20:17:33,-21.2078,-159.775,301.18,74,40,3.6
9,9,Puri,IN,2022-05-24 20:17:33,19.8,85.85,300.44,87,97,6.0
10,10,Butaritari,KI,2022-05-24 20:17:34,3.0707,172.7902,300.56,79,36,5.25
11,11,Catamarca,AR,2022-05-24 20:17:34,-28.4696,-65.7852,297.92,40,98,0.45
12,12,Nyurba,RU,2022-05-24 20:17:34,63.2842,118.3319,277.52,91,100,2.43
13,13,Ushuaia,AR,2022-05-24 20:13:29,-54.8,-68.3,275.96,65,20,12.86
14,14,Sola,VU,2022-05-24 20:17:35,-13.8833,167.55,299.89,79,100,10.28
15,15,Punta Arenas,CL,2022-05-24 20:17:35,-53.15,-70.9167,277.21,65,20,8.23
16,16,Thompson,CA,2022-05-24 20:17:35,55.7435,-97.8558,280.24,39,20,4.63
17,17,Kapaa,US,2022-05-24 20:17:36,22.0752,-159.319,299.33,80,100,6.17
18,18,Port Elizabeth,ZA,2022-05-24 20:17:36,-33.918,25.5701,291.54,88,75,3.6
19,19,Dalvik,IS,2022-05-24 20:17:36,65.9702,-18.5286,280.11,87,98,1.57
20,20,Saint George,US,2022-05-24 20:17:37,37.1041,-113.5841,302.48,11,0,3.58
21,21,Jamestown,US,2022-05-24 20:16:55,42.097,-79.2353,292.95,52,100,3.09
22,22,Jipijapa,EC,2022-05-24 20:17:37,-1.3333,-80.5833,298.87,70,97,1.9
23,23,Sao Joao Da Barra,BR,2022-05-24 20:17:37,-21.6403,-41.0511,296.2,72,84,4.66
24,24,Alenquer,BR,2022-05-24 20:17:38,-1.9417,-54.7383,302.25,66,46,2.54
25,25,Maubin,MM,2022-05-24 20:17:13,16.7333,95.65,297.85,91,100,1.2
26,26,Sur,OM,2022-05-24 20:17:38,22.5667,59.5289,304.41,54,0,6.56
27,27,Myitkyina,MM,2022-05-24 20:17:38,25.3833,97.4,297.28,89,7,0.28
28,28,Chuy,UY,2022-05-24 20:17:39,-33.6971,-53.4616,290.9,76,100,1.78
29,29,Atuona,PF,2022-05-24 20:15:16,-9.8,-139.0333,298.87,69,28,7.44
30,30,Polovinnoye,RU,2022-05-24 20:17:39,54.7914,65.9864,288.97,51,99,4.35
31,31,Busselton,AU,2022-05-24 20:17:39,-33.65,115.3333,289.47,71,100,2.7
32,32,Parrita,CR,2022-05-24 20:17:39,9.5201,-84.3225,297.64,93,100,1.99
33,33,Mitu,CO,2022-05-24 20:17:40,1.1983,-70.1733,299.69,90,84,1.35
34,34,Port Hawkesbury,CA,2022-05-24 20:15:41,45.6169,-61.3485,289.16,71,0,4.63
35,35,Tsuruga,JP,2022-05-24 20:17:40,35.6455,136.0558,291.28,93,22,3.26
36,36,Tasiilaq,GL,2022-05-24 20:17:40,65.6145,-37.6368,273.24,97,100,2.66
37,37,Severo-Kurilsk,RU,2022-05-24 20:17:41,50.6789,156.125,278.25,84,56,0.79
38,38,Diamantino,BR,2022-05-24 20:17:41,-14.4086,-56.4461,304.55,27,0,2.31
39,39,Naze,JP,2022-05-24 20:17:41,28.3667,129.4833,293.66,93,100,0.68
40,40,Viedma,AR,2022-05-24 20:17:42,-40.8135,-62.9967,285.89,38,65,7.33
41,41,Te Anau,NZ,2022-05-24 20:17:42,-45.4167,167.7167,281.99,84,100,1.16
42,42,Hamilton,US,2022-05-24 20:15:42,39.1834,-84.5333,298.14,56,40,5.14
43,43,Puerto Ayora,EC,2022-05-24 20:18:02,-0.7393,-90.3518,301.13,92,24,2.24
44,44,Vao,NC,2022-05-24 20:18:10,-22.6667,167.4833,296.5,78,100,7.98
45,45,Hobart,AU,2022-05-24 20:15:04,-42.8794,147.3294,277.19,95,1,3.6
46,46,Hovd,MN,2022-05-24 20:18:10,48.0056,91.6419,290.87,39,95,1.1
47,47,Malatya,TR,2022-05-24 20:18:10,38.5,38.0,283.18,54,0,4.63
48,48,Sol-Iletsk,RU,2022-05-24 20:18:11,51.1631,54.9918,284.62,97,100,5.66
49,49,Henties Bay,,2022-05-24 20:18:11,-22.116,14.2845,289.48,63,0,1.96
50,50,East London,ZA,2022-05-24 20:18:11,-33.0153,27.9116,291.0,78,91,3.97
51,51,Raymond,US,2022-05-24 20:16:52,43.9015,-70.4703,293.83,55,69,3.97
52,52,Vaini,TO,2022-05-24 20:18:12,-21.2,-175.2,299.24,83,20,1.54
53,53,Batagay-Alyta,RU,2022-05-24 20:18:12,67.8006,130.4114,272.73,97,100,7.39
54,54,Lavrentiya,RU,2022-05-24 20:18:12,65.5833,-171.0,276.42,89,77,2.12
55,55,Ust-Nera,RU,2022-05-24 20:18:12,64.5667,143.2,277.23,76,100,1.79
56,56,Samarai,PG,2022-05-24 20:18:13,-10.6167,150.6667,300.3,79,31,3.61
57,57,Talnakh,RU,2022-05-24 20:18:13,69.4865,88.3972,273.82,100,100,0.48
58,58,Huangchuan,CN,2022-05-24 20:18:13,32.1272,115.0394,294.72,68,0,2.61
59,59,Bartica,GY,2022-05-24 20:18:14,6.4,-58.6167,300.33,80,73,1.86
60,60,Ancud,CL,2022-05-24 20:18:14,-41.8697,-73.8203,282.16,79,55,2.85
61,61,Cabo San Lucas,MX,2022-05-24 20:14:55,22.8909,-109.9124,301.82,53,0,5.14
62,62,Iqaluit,CA,2022-05-24 20:18:14,63.7506,-68.5145,268.0,92,100,9.26
63,63,Cape Town,ZA,2022-05-24 20:14:16,-33.9258,18.4232,289.32,94,100,0.89
64,64,Vostok,RU,2022-05-24 20:18:15,46.4856,135.8833,284.94,99,100,0.87
65,65,Norman Wells,CA,2022-05-24 20:18:15,65.282,-126.8329,285.17,37,75,8.75
66,66,Nome,US,2022-05-24 20:18:15,64.5011,-165.4064,288.8,50,0,3.09
67,67,Jimo,CN,2022-05-24 20:18:16,36.3897,120.4622,292.03,94,20,4.0
68,68,Andijon,UZ,2022-05-24 20:18:16,40.7821,72.3442,290.75,56,0,2.75
69,69,Cabedelo,BR,2022-05-24 20:18:16,-6.9811,-34.8339,298.52,86,30,6.2
70,70,Yellowknife,CA,2022-05-24 20:18:17,62.456,-114.3525,283.46,34,75,7.2
71,71,Rikitea,PF,2022-05-24 20:18:17,-23.1203,-134.9692,297.71,73,73,3.79
72,72,Stornoway,GB,2022-05-24 20:14:51,58.2093,-6.3865,284.13,84,40,4.12
73,73,Nepa Nagar,IN,2022-05-24 20:18:17,21.4667,76.4,304.32,48,0,4.3
74,74,Sept-Iles,CA,2022-05-24 20:18:18,50.2001,-66.3821,288.44,38,20,8.23
75,75,Bereda,ES,2022-05-24 20:18:18,43.2686,-7.5406,284.03,98,66,0.87
76,76,West Bay,KY,2022-05-24 20:18:18,19.3667,-81.4167,303.19,66,20,5.14
77,77,Bilma,NE,2022-05-24 20:18:18,18.6853,12.9164,304.96,10,1,0.65
78,78,Leningradskiy,RU,2022-05-24 20:18:19,69.3833,178.4167,279.61,71,70,3.58
79,79,Balykshi,KZ,2022-05-24 20:18:19,47.0667,51.8667,285.15,87,100,3.0
80,80,Cherskiy,RU,2022-05-24 20:18:19,68.75,161.3,278.6,77,97,4.31
81,81,Saucillo,MX,2022-05-24 20:18:20,28.0167,-105.2833,306.3,6,5,6.01
82,82,Llangefni,GB,2022-05-24 20:18:20,53.2556,-4.3106,286.33,77,100,7.2
83,83,Camana,PE,2022-05-24 20:18:20,-16.6228,-72.7111,292.25,73,44,3.3
84,84,Arkhara,RU,2022-05-24 20:18:21,49.4212,130.0842,278.73,92,100,1.82
85,85,Mao,ES,2022-05-24 20:18:21,39.8885,4.2658,293.46,77,75,6.69
86,86,Bluff,NZ,2022-05-24 20:18:21,-46.6,168.3333,283.04,61,56,11.98
87,87,Batemans Bay,AU,2022-05-24 20:18:22,-35.7167,150.1833,285.98,91,5,1.85
88,88,Meulaboh,ID,2022-05-24 20:18:22,4.1363,96.1285,298.78,85,100,0.85
89,89,Khatanga,RU,2022-05-24 20:18:42,71.9667,102.5,272.66,84,100,1.2
90,90,Kodiak,US,2022-05-24 20:18:42,57.79,-152.4072,281.88,81,100,3.6
91,91,Gimli,CA,2022-05-24 20:18:43,50.6336,-96.9907,292.16,34,5,3.6
92,92,Sabha,LY,2022-05-24 20:18:43,27.0377,14.4283,304.45,13,53,4.39
93,93,Tuktoyaktuk,CA,2022-05-24 20:18:43,69.4541,-133.0374,282.15,37,75,7.2
94,94,Thinadhoo,MV,2022-05-24 20:18:44,0.5333,72.9333,301.68,70,98,2.74
95,95,Dikson,RU,2022-05-24 20:18:44,73.5069,80.5464,270.85,78,100,3.26
96,96,Irun,ES,2022-05-24 20:18:44,43.339,-1.7894,288.81,73,40,2.57
97,97,Waipawa,NZ,2022-05-24 20:18:44,-41.4122,175.5153,280.72,88,0,2.68
98,98,Haines Junction,CA,2022-05-24 20:18:45,60.7522,-137.5108,280.12,76,100,1.54
99,99,Hilo,US,2022-05-24 20:18:41,19.7297,-155.09,302.19,73,100,1.34
100,100,Chiang Rai,TH,2022-05-24 20:18:45,19.9167,99.9167,297.14,98,40,2.06
101,101,Hendersonville,US,2022-05-24 20:18:45,36.3048,-86.62,300.52,66,100,2.24
102,102,Evensk,RU,2022-05-24 20:18:46,61.95,159.2333,276.19,97,100,1.93
103,103,Lakes Entrance,AU,2022-05-24 20:18:46,-37.8811,147.981,280.41,66,0,1.65
104,104,Kaitangata,NZ,2022-05-24 20:18:46,-46.2817,169.8464,282.49,67,70,7.48
105,105,Port Blair,IN,2022-05-24 20:18:46,11.6667,92.75,301.19,81,100,8.07
106,106,Gizo,SB,2022-05-24 20:18:47,-8.103,156.8419,300.66,75,8,0.47
107,107,Cockburn Town,TC,2022-05-24 20:18:47,21.4612,-71.1419,299.69,71,53,8.0
108,108,Holme,DK,2022-05-24 20:18:47,56.1138,10.1725,285.91,85,31,5.27
109,109,Kiunga,PG,2022-05-24 20:18:48,-6.1219,141.2906,295.55,100,70,0.73
110,110,Saskylakh,RU,2022-05-24 20:18:48,71.9167,114.0833,271.8,97,99,3.88
111,111,Port Moresby,PG,2022-05-24 20:18:48,-9.4431,147.1797,297.12,91,73,3.3
112,112,Santana Do Matos,BR,2022-05-24 20:18:49,-5.9575,-36.6556,300.44,68,36,5.73
113,113,Namibe,AO,2022-05-24 20:18:49,-15.1961,12.1522,293.1,74,0,4.81
114,114,Antofagasta,CL,2022-05-24 20:18:49,-23.65,-70.4,288.75,74,9,2.91
115,115,Singaraja,ID,2022-05-24 20:18:49,-8.112,115.0882,299.77,80,100,1.6
116,116,Carutapera,BR,2022-05-24 20:18:50,-1.195,-46.02,298.48,91,95,2.5
117,117,Baherden,TM,2022-05-24 20:18:50,38.4362,57.4316,297.62,42,0,2.54
118,118,Glenwood Springs,US,2022-05-24 20:18:50,39.5505,-107.3248,290.66,46,75,2.57
119,119,Baykit,RU,2022-05-24 20:18:51,61.67,96.37,285.44,74,95,1.85
120,120,Beringovskiy,RU,2022-05-24 20:18:51,63.05,179.3167,279.91,57,7,1.49
121,121,Tocopilla,CL,2022-05-24 20:18:51,-22.092,-70.1979,292.67,68,19,3.52
122,122,Hermanus,ZA,2022-05-24 20:18:51,-34.4187,19.2345,287.48,85,100,3.78
123,123,Tuatapere,NZ,2022-05-24 20:18:52,-46.1333,167.6833,282.58,79,97,6.9
124,124,Kemijarvi,FI,2022-05-24 20:18:52,66.7131,27.4306,284.11,61,53,2.61
125,125,Takoradi,GH,2022-05-24 20:18:52,4.8845,-1.7554,298.91,84,100,4.51
126,126,Vila Franca Do Campo,PT,2022-05-24 20:18:52,37.7167,-25.4333,290.38,71,28,2.44
127,127,Trelew,AR,2022-05-24 20:18:53,-43.249,-65.3051,282.35,29,9,8.21
128,128,La Ronge,CA,2022-05-24 20:18:53,55.1001,-105.2842,283.27,31,75,5.66
129,129,Beira,MZ,2022-05-24 20:18:53,-19.8436,34.8389,292.2,94,0,1.03
130,130,Ambikapur,IN,2022-05-24 20:18:54,23.1167,83.2,297.21,47,0,1.53
131,131,Kibala,TD,2022-05-24 20:18:54,9.1104,18.3463,299.55,65,100,2.66
132,132,Marawi,PH,2022-05-24 20:18:54,7.9986,124.2928,294.16,92,100,1.02
133,133,Kruisfontein,ZA,2022-05-24 20:18:54,-34.0033,24.7314,290.31,89,100,5.42
134,134,Herisau,CH,2022-05-24 20:18:55,47.3862,9.2792,285.42,94,100,1.22
135,135,Hofn,IS,2022-05-24 20:18:55,64.2539,-15.2082,280.44,84,100,2.1
136,136,Port Lincoln,AU,2022-05-24 20:18:55,-34.7333,135.8667,288.98,84,99,9.39
137,137,Togitsu,JP,2022-05-24 20:18:56,32.8333,129.85,291.57,93,81,0.95
138,138,Bredasdorp,ZA,2022-05-24 20:18:56,-34.5322,20.0403,289.28,76,100,3.26
139,139,Kavieng,PG,2022-05-24 20:19:16,-2.5744,150.7967,300.33,73,93,4.56
140,140,Jiwani,PK,2022-05-24 20:19:16,25.05,61.7417,301.79,88,0,3.74
141,141,Brenham,US,2022-05-24 20:15:48,30.1669,-96.3977,303.07,57,100,5.66
142,142,Turbat,PK,2022-05-24 20:19:17,26.0023,63.044,303.92,52,0,1.36
143,143,Mahebourg,MU,2022-05-24 20:19:17,-20.4081,57.7,296.31,83,75,1.54
144,144,Crateus,BR,2022-05-24 20:19:17,-5.1783,-40.6775,302.16,48,33,3.13
145,145,Sioux Lookout,CA,2022-05-24 20:19:18,50.1001,-91.917,293.19,40,75,5.66
146,146,Leshukonskoye,RU,2022-05-24 20:19:18,64.8989,45.7622,275.27,93,13,2.96
147,147,Multan,PK,2022-05-24 20:19:18,30.1956,71.4753,303.09,42,0,3.09
148,148,Puerto Carreno,CO,2022-05-24 20:15:12,6.189,-67.4859,300.14,83,40,2.57
149,149,Nikolskoye,RU,2022-05-24 20:19:19,59.7035,30.7861,282.09,90,50,1.13
150,150,Kodinar,IN,2022-05-24 20:19:19,20.7903,70.7031,301.63,75,0,5.61
151,151,Maragogi,BR,2022-05-24 20:19:19,-9.0122,-35.2225,298.03,88,100,5.09
152,152,Coracora,PE,2022-05-24 20:19:19,-15.0333,-73.7833,288.32,24,0,4.62
153,153,Barrhead,GB,2022-05-24 20:19:20,55.7992,-4.3929,284.83,78,59,2.57
154,154,Mendi,PG,2022-05-24 20:19:20,-6.1761,143.6513,286.09,96,86,0.66
155,155,Arraial Do Cabo,BR,2022-05-24 20:15:46,-22.9661,-42.0278,296.13,73,75,6.69
156,156,Buxar,IN,2022-05-24 20:19:20,25.5833,83.9833,304.52,39,98,3.05
157,157,Klyuchi,RU,2022-05-24 20:19:21,52.2667,79.1667,291.13,42,100,4.31
158,158,Codrington,AU,2022-05-24 20:19:21,-38.2667,141.9667,284.69,73,100,4.86
159,159,Bethel,US,2022-05-24 20:19:21,41.3712,-73.414,293.93,56,100,4.12
160,160,Bangassou,CF,2022-05-24 20:19:22,4.7413,22.8184,293.64,91,100,0.67
161,161,Soyo,AO,2022-05-24 20:19:22,-6.1349,12.3689,296.79,82,32,3.96
162,162,Tura,IN,2022-05-24 20:19:22,25.5198,90.2201,295.58,88,0,1.52
163,163,Owase,JP,2022-05-24 20:19:23,34.0667,136.2,291.4,92,99,1.71
164,164,Barrow,US,2022-05-24 20:17:18,71.2906,-156.7887,271.16,86,100,3.09
165,165,Mount Isa,AU,2022-05-24 20:19:23,-20.7333,139.5,287.02,77,81,2.57
166,166,Dehloran,IR,2022-05-24 20:19:23,32.6941,47.2679,300.66,22,0,4.4
167,167,Qaanaaq,GL,2022-05-24 20:19:24,77.484,-69.3632,271.27,79,64,0.39
168,168,Bac Lieu,VN,2022-05-24 20:19:24,9.285,105.7244,300.6,85,99,3.0
169,169,Ponta Do Sol,PT,2022-05-24 20:19:24,32.6667,-17.1,292.99,68,60,3.25
170,170,Cuamba,MZ,2022-05-24 20:19:25,-14.8031,36.5372,295.51,72,100,1.61
171,171,Touros,BR,2022-05-24 20:19:25,-5.1989,-35.4608,297.9,89,7,4.08
172,172,West Plains,US,2022-05-24 20:19:25,36.7281,-91.8524,290.61,86,100,3.6
173,173,Thoen,TH,2022-05-24 20:19:26,17.6129,99.2161,297.26,96,100,1.24
174,174,Campos Belos,BR,2022-05-24 20:19:26,-13.0367,-46.7717,302.45,28,6,2.94
175,175,Aleksandrov Gay,RU,2022-05-24 20:19:26,50.147,48.5704,283.9,59,11,4.04
176,176,Yakeshi,CN,2022-05-24 20:19:26,49.2833,120.7333,280.74,41,0,1.33
177,177,Kloulklubed,PW,2022-05-24 20:19:27,7.0419,134.2556,301.76,78,100,7.64
178,178,Komsomolskiy,UZ,2022-05-24 20:18:19,40.4272,71.7189,290.55,67,0,3.09
179,179,Itarema,BR,2022-05-24 20:19:27,-2.9248,-39.9167,298.66,86,55,4.88
180,180,Luderitz,,2022-05-24 20:19:27,-26.6481,15.1594,289.08,65,0,2.2
181,181,Laguna,US,2022-05-24 20:17:39,38.421,-121.4238,308.23,18,0,5.66
182,182,Hithadhoo,MV,2022-05-24 20:19:28,-0.6,73.0833,301.65,70,100,2.71
183,183,Kangaatsiaq,GL,2022-05-24 20:19:28,68.3065,-53.4641,268.18,57,17,4.92
184,184,San Vicente,AR,2022-05-24 20:19:48,-26.6167,-54.1333,293.7,62,0,1.25
185,185,Acapulco,MX,2022-05-24 20:17:36,16.8634,-99.8901,303.05,70,40,5.14
186,186,Longyearbyen,SJ,2022-05-24 20:19:49,78.2186,15.6401,278.06,70,20,0.0
187,187,Shelburne,CA,2022-05-24 20:19:49,44.0787,-80.2041,290.99,51,97,2.69
188,188,New Norfolk,AU,2022-05-24 20:19:49,-42.7826,147.0587,276.99,89,0,1.36
189,189,Puno,PE,2022-05-24 20:19:50,-15.8333,-70.0333,284.09,24,0,3.87
190,190,Saldanha,ZA,2022-05-24 20:19:50,-33.0117,17.9442,289.18,92,98,1.03
191,191,Manyana,BW,2022-05-24 20:19:50,-23.4,21.7167,288.96,38,0,2.49
192,192,Bengkulu,ID,2022-05-24 20:19:50,-3.8004,102.2655,296.82,95,100,1.0
193,193,Ilebo,CD,2022-05-24 20:19:51,-4.3167,20.5833,295.1,98,100,1.02
194,194,Broome,US,2022-05-24 20:19:51,42.2506,-75.833,294.18,60,100,3.09
195,195,Villa Bruzual,VE,2022-05-24 20:19:51,9.3328,-69.1208,304.44,49,100,2.14
196,196,Kokopo,PG,2022-05-24 20:19:52,-4.352,152.2633,297.75,86,90,2.08
197,197,Damietta,EG,2022-05-24 20:19:52,31.4165,31.8133,294.09,79,0,3.76
198,198,Santa Lucia,ES,2022-05-24 20:19:30,27.9117,-15.5407,289.77,73,40,10.8
199,199,Bontang,ID,2022-05-24 20:19:52,0.1333,117.5,299.49,88,99,3.55
200,200,Udala,ES,2022-05-24 20:19:53,43.0778,-2.5125,285.45,91,100,2.08
201,201,Grand-Lahou,CI,2022-05-24 20:19:53,5.1367,-5.0242,297.41,91,100,3.25
202,202,Lima,PE,2022-05-24 20:17:33,-12.0432,-77.0282,289.29,77,100,3.09
203,203,Margate,GB,2022-05-24 20:19:53,51.3813,1.3862,284.09,80,10,0.45
204,204,Mar Del Plata,AR,2022-05-24 20:19:53,-38.0023,-57.5575,284.87,88,75,2.06
205,205,Hasaki,JP,2022-05-24 20:19:54,35.7333,140.8333,289.42,81,2,3.53
206,206,Bodden Town,KY,2022-05-24 20:19:54,19.2833,-81.25,303.15,66,20,5.14
207,207,Safaga,EG,2022-05-24 20:19:54,26.7292,33.9365,300.84,35,0,3.3
208,208,Calama,CL,2022-05-24 20:15:05,-22.4667,-68.9333,294.42,7,0,7.2
209,209,Sao Filipe,CV,2022-05-24 20:19:55,14.8961,-24.4956,295.44,79,2,3.75
210,210,Cidreira,BR,2022-05-24 20:19:55,-30.1811,-50.2056,292.25,78,8,2.95
211,211,Mpika,ZM,2022-05-24 20:19:09,-11.8343,31.4529,288.01,71,5,1.36
212,212,Tampere,FI,2022-05-24 20:19:55,61.4991,23.7871,287.21,46,0,1.54
213,213,Bethlehem,BR,2022-05-24 20:15:04,-1.4558,-48.5044,304.17,62,75,2.06
214,214,Sinnamary,GF,2022-05-24 20:19:56,5.3833,-52.95,301.13,76,45,4.96
215,215,Novyy Urengoy,RU,2022-05-24 20:19:39,66.0833,76.6333,279.08,73,69,3.57
216,216,Neuquen,AR,2022-05-24 20:18:18,-38.9516,-68.0591,287.09,41,0,1.54
217,217,Oume,JP,2022-05-24 20:19:56,35.7839,139.2431,291.96,86,0,2.06
218,218,Parma,IT,2022-05-24 20:19:56,44.8027,10.329,295.67,78,15,2.54
219,219,Ribeira Grande,PT,2022-05-24 20:19:57,38.5167,-28.7,291.37,88,75,3.09
220,220,Narsaq,GL,2022-05-24 20:19:57,60.9167,-46.05,279.27,45,2,5.9
221,221,Inhambane,MZ,2022-05-24 20:19:57,-23.865,35.3833,292.4,92,0,3.17
222,222,Cerchezu,RO,2022-05-24 20:19:57,43.8167,28.1,288.3,76,94,4.05
223,223,Fortuna,US,2022-05-24 20:19:58,40.5982,-124.1573,293.11,75,0,6.69
224,224,Dunedin,NZ,2022-05-24 20:15:47,-45.8742,170.5036,284.15,65,67,6.71
225,225,Muswellbrook,AU,2022-05-24 20:15:05,-32.2667,150.9,282.78,95,100,0.58
226,226,Qaqortoq,GL,2022-05-24 20:19:58,60.7167,-46.0333,276.58,46,0,13.7
227,227,Along,IN,2022-05-24 20:19:58,28.1667,94.7667,294.91,97,70,0.98
228,228,Kailua,US,2022-05-24 20:19:59,21.4022,-157.7394,301.14,61,75,4.12
229,229,Esperance,AU,2022-05-24 20:19:59,-33.8667,121.9,289.31,74,42,7.39
230,230,Mocuba,MZ,2022-05-24 20:19:59,-16.8392,36.9856,293.24,86,84,1.24
231,231,Suntar,RU,2022-05-24 20:20:20,62.1444,117.6319,280.16,87,81,4.76
232,232,Inirida,CO,2022-05-24 20:20:20,3.8653,-67.9239,301.52,84,93,0.37
233,233,Carndonagh,IE,2022-05-24 20:20:20,55.25,-7.2667,283.41,79,100,4.58
234,234,Georgetown,MY,2022-05-24 20:20:21,5.4112,100.3354,301.11,93,20,1.03
235,235,Mobaye,CF,2022-05-24 20:20:21,4.319,21.1786,293.84,96,100,1.05
236,236,Sala,MA,2022-05-24 20:15:39,34.0389,-6.8166,291.9,68,75,2.57
237,237,Belaya Gora,RU,2022-05-24 20:20:21,68.5333,146.4167,281.98,61,43,2.14
238,238,Kulhudhuffushi,MV,2022-05-24 20:20:21,6.6221,73.07,301.55,77,100,4.62
239,239,Richards Bay,ZA,2022-05-24 20:20:22,-28.783,32.0377,290.92,79,0,2.14
240,240,Puerto Colombia,CO,2022-05-24 20:20:22,10.9878,-74.9547,307.2,78,100,6.05
241,241,Labuhan,ID,2022-05-24 20:20:22,-6.8844,112.2051,299.06,88,60,3.64
242,242,Guane,CU,2022-05-24 20:20:23,22.2025,-84.0875,305.07,48,82,5.01
243,243,Shimoda,JP,2022-05-24 20:20:23,34.6667,138.95,291.05,83,100,0.28
244,244,Anadyr,RU,2022-05-24 20:20:23,64.75,177.4833,280.43,65,0,4.0
245,245,Jaffna,LK,2022-05-24 20:20:24,9.6685,80.0074,301.32,83,100,9.8
246,246,Kavaratti,IN,2022-05-24 20:20:24,10.5669,72.642,301.5,78,10,4.63
247,247,Belmonte,BR,2022-05-24 20:20:24,-15.8631,-38.8828,297.06,72,22,4.74
248,248,Zhangye,CN,2022-05-24 20:20:24,38.9342,100.4517,296.08,27,100,1.87
249,249,Ryotsu,JP,2022-05-24 20:20:25,38.0833,138.4333,289.4,65,0,1.16
250,250,Lebu,CL,2022-05-24 20:20:25,-37.6167,-73.65,284.22,81,97,2.04
251,251,Wattegama,LK,2022-05-24 20:20:26,6.7989,81.4808,298.46,75,100,3.71
252,252,Talas,TR,2022-05-24 20:20:26,38.6908,35.5538,281.52,66,0,2.06
253,253,Moranbah,AU,2022-05-24 20:20:26,-22.0016,148.0466,288.77,95,100,5.19
254,254,Boa Vista,BR,2022-05-24 20:20:27,2.8197,-60.6733,301.14,74,75,4.12
255,255,Kikwit,CD,2022-05-24 20:20:27,-5.041,18.8162,294.94,88,100,1.09
256,256,Torbay,CA,2022-05-24 20:20:27,47.6666,-52.7314,280.53,69,20,9.83
257,257,Beloha,MG,2022-05-24 20:20:27,-25.1667,45.05,293.39,90,32,1.26
258,258,Aklavik,CA,2022-05-24 20:20:28,68.2191,-135.0107,281.25,49,39,7.88
259,259,Zhoucheng,CN,2022-05-24 20:20:28,35.9122,116.3117,292.75,63,50,3.62
260,260,Castro,BR,2022-05-24 20:20:28,-24.7911,-50.0119,290.54,69,0,2.07
261,261,Avera,US,2022-05-24 20:20:29,33.194,-82.5271,303.18,50,100,1.95
262,262,Pevek,RU,2022-05-24 20:20:29,69.7008,170.3133,276.11,81,23,3.42
263,263,Barcelos,PT,2022-05-24 20:18:05,41.5388,-8.6151,289.21,78,42,4.37
264,264,Sorland,NO,2022-05-24 20:20:29,67.667,12.6934,285.07,75,100,6.44
265,265,Tiznit,MA,2022-05-24 20:20:29,29.5833,-9.5,290.22,79,54,1.44
266,266,Upernavik,GL,2022-05-24 20:20:30,72.7868,-56.1549,267.91,66,100,4.61
267,267,Guiyang,CN,2022-05-24 20:20:30,26.5833,106.7167,292.42,100,75,1.0
268,268,Anqing,CN,2022-05-24 20:20:30,30.5092,117.0506,293.72,82,100,0.85
269,269,Ola,RU,2022-05-24 20:20:31,59.5833,151.2833,274.9,97,100,1.1
270,270,Yanam,IN,2022-05-24 20:20:31,16.7333,82.2167,302.23,79,97,1.37
271,271,Bathsheba,BB,2022-05-24 20:20:31,13.2167,-59.5167,300.49,74,20,6.17
272,272,Innisfail,AU,2022-05-24 20:20:31,-17.5333,146.0333,293.07,91,97,2.04
273,273,Ambilobe,MG,2022-05-24 20:20:32,-13.2,49.05,294.61,86,14,1.89
274,274,Bezdan,RS,2022-05-24 20:20:32,45.8502,18.9259,296.14,84,100,4.41
275,275,Santa Isabel Do Rio Negro,BR,2022-05-24 20:20:32,-0.4139,-65.0192,301.78,77,17,1.27
276,276,Iranshahr,IR,2022-05-24 20:20:33,27.2025,60.6848,308.34,14,0,5.14
277,277,Cap-Aux-Meules,CA,2022-05-24 20:20:08,47.3821,-61.8597,282.18,61,20,4.63
278,278,Ayagoz,KZ,2022-05-24 20:20:53,47.9714,80.4392,289.0,63,100,4.72
279,279,Santa Rosa De Aguan,HN,2022-05-24 20:20:53,15.95,-85.7167,302.16,72,56,12.21
280,280,Nobres,BR,2022-05-24 20:20:54,-14.7203,-56.3275,305.11,28,0,1.44
281,281,Quatre Cocos,MU,2022-05-24 20:20:54,-20.2078,57.7625,296.21,79,8,5.44
282,282,Vestmannaeyjar,IS,2022-05-24 20:20:54,63.4427,-20.2734,280.25,85,100,3.98
283,283,Chapais,CA,2022-05-24 20:20:54,49.7834,-74.8492,289.03,35,86,5.82
284,284,Tateyama,JP,2022-05-24 20:20:55,34.9833,139.8667,292.28,80,100,3.43
285,285,Phimai,TH,2022-05-24 20:20:55,15.2232,102.4947,297.44,90,100,1.94
286,286,Grand Gaube,MU,2022-05-24 20:20:56,-20.0064,57.6608,296.37,76,1,1.34
287,287,Muros,ES,2022-05-24 20:20:56,42.7762,-9.0603,288.2,77,41,4.59
288,288,Chokurdakh,RU,2022-05-24 20:20:56,70.6333,147.9167,273.54,95,100,2.84
289,289,Seymchan,RU,2022-05-24 20:20:56,62.8833,152.4333,280.64,56,100,3.59
290,290,Rzhyshchiv,UA,2022-05-24 20:20:57,49.9689,31.0463,283.71,69,40,1.81
291,291,Kyzyl-Suu,KG,2022-05-24 20:20:57,42.3414,78.0056,286.3,75,100,0.63
292,292,Zhigansk,RU,2022-05-24 20:20:57,66.7697,123.3711,274.33,82,100,6.68
293,293,Mount Gambier,AU,2022-05-24 20:20:58,-37.8333,140.7667,286.84,67,100,4.44
294,294,Mtimbira,TZ,2022-05-24 20:20:58,-8.7833,36.35,294.96,79,57,1.39
295,295,Grindavik,IS,2022-05-24 20:20:58,63.8424,-22.4338,281.12,81,100,1.03
296,296,Amparafaravola,MG,2022-05-24 20:20:58,-17.5833,48.2167,287.46,97,34,0.44
297,297,Clyde River,CA,2022-05-24 20:20:59,70.4692,-68.5914,267.28,63,75,6.69
298,298,Ambon,ID,2022-05-24 20:20:59,-3.6954,128.1814,297.23,94,40,1.03
299,299,Ahipara,NZ,2022-05-24 20:20:59,-35.1667,173.1667,287.62,69,65,4.3
300,300,Russas,BR,2022-05-24 20:21:00,-4.9403,-37.9758,300.33,70,67,2.87
301,301,Salinopolis,BR,2022-05-24 20:21:00,-0.6136,-47.3561,299.92,81,49,4.92
302,302,Skjervoy,NO,2022-05-24 20:21:00,70.0311,20.9714,284.15,79,100,4.83
303,303,Chicama,PE,2022-05-24 20:21:00,-7.8447,-79.1469,290.45,63,12,4.46
304,304,Tessalit,ML,2022-05-24 20:21:01,20.1986,1.0114,307.41,16,100,3.94
305,305,Sokoni,TZ,2022-05-24 20:21:01,-6.4333,39.55,299.07,78,74,5.8
306,306,Sabzevar,IR,2022-05-24 20:21:01,36.2126,57.6819,293.75,37,0,5.14
307,307,Bella Union,UY,2022-05-24 20:21:02,-30.2752,-57.6007,296.54,68,54,3.2
308,308,Yelizovo,RU,2022-05-24 20:21:02,53.1873,158.3805,280.23,87,100,3.13
309,309,Raudeberg,NO,2022-05-24 20:21:03,61.9875,5.1352,284.52,91,100,2.38
310,310,Royan,FR,2022-05-24 20:21:03,45.6285,-1.0281,286.38,70,9,4.6
311,311,Pincher Creek,CA,2022-05-24 20:21:03,49.4833,-113.952,290.4,37,100,9.26
312,312,Lata,PT,2022-05-24 20:21:04,40.1629,-8.3327,288.75,79,12,3.83
313,313,Edd,ER,2022-05-24 20:21:04,13.9297,41.6925,301.62,79,3,1.82
314,314,Japura,ID,2022-05-24 20:21:04,-0.3167,102.35,296.66,98,77,0.85
315,315,Apostolove,UA,2022-05-24 20:21:04,47.66,33.7137,285.8,54,90,1.24
316,316,Rio Claro,BR,2022-05-24 20:18:53,-22.4114,-47.5614,294.28,52,0,0.97
317,317,Umm Kaddadah,SD,2022-05-24 20:21:05,13.6017,26.6876,301.97,11,21,5.38
318,318,Rio Grande,BR,2022-05-24 20:21:05,-32.035,-52.0986,296.21,77,100,2.56
319,319,Yuli,NG,2022-05-24 20:21:05,9.6989,10.2744,303.51,44,5,3.64
320,320,Smithers,CA,2022-05-24 20:21:26,54.7804,-127.1743,285.33,47,75,0.0
321,321,Portland,US,2022-05-24 20:07:50,45.5234,-122.6762,293.08,56,75,2.06
322,322,Lorengau,PG,2022-05-24 20:21:26,-2.0226,147.2712,300.04,76,59,1.46
323,323,Robinson,US,2022-05-24 20:21:26,31.4677,-97.1147,304.27,56,75,6.17
324,324,Trincomalee,LK,2022-05-24 20:21:27,8.5711,81.2335,300.09,76,100,8.3
325,325,Two Hills,CA,2022-05-24 20:21:27,53.7169,-111.7518,292.28,42,100,1.03
326,326,Salalah,OM,2022-05-24 20:21:27,17.0151,54.0924,302.2,84,75,3.09
327,327,Kutum,SD,2022-05-24 20:21:28,14.2,24.6667,300.52,10,11,6.23
328,328,Mogzon,RU,2022-05-24 20:21:28,51.7435,111.9606,279.1,57,10,1.17
329,329,Lagoa,PT,2022-05-24 20:21:28,39.05,-27.9833,289.58,79,3,4.92
330,330,Nouadhibou,MR,2022-05-24 20:21:28,20.931,-17.0347,293.14,77,0,7.72
331,331,Mackay,AU,2022-05-24 20:21:29,-21.15,149.2,292.53,89,87,5.24
332,332,Kupang,ID,2022-05-24 20:21:29,-10.1667,123.5833,298.58,88,95,3.76
333,333,Anito,PH,2022-05-24 20:21:29,12.4497,125.2886,299.02,88,44,2.55
334,334,Srednekolymsk,RU,2022-05-24 20:21:30,67.45,153.6833,283.31,59,19,3.04
335,335,Half Moon Bay,US,2022-05-24 20:21:30,37.4636,-122.4286,309.01,63,20,2.06
336,336,Klaksvik,FO,2022-05-24 20:21:30,62.2266,-6.589,281.66,80,57,5.52
337,337,Kidal,ML,2022-05-24 20:21:30,18.4411,1.4078,308.17,17,29,2.63
338,338,Derzhavinsk,KZ,2022-05-24 20:21:31,51.1,66.3167,292.33,28,100,4.38
339,339,Huarmey,PE,2022-05-24 20:21:31,-10.0681,-78.1522,294.02,72,5,5.29
340,340,Chauk,MM,2022-05-24 20:21:31,20.8833,94.8167,299.79,72,99,3.66
341,341,Ostrovnoy,RU,2022-05-24 20:21:32,68.0531,39.5131,273.37,88,100,3.69
342,342,Ilulissat,GL,2022-05-24 20:15:15,69.2167,-51.1,270.16,59,40,5.14
343,343,Pundaguitan,PH,2022-05-24 20:21:32,6.3711,126.1689,301.05,75,100,2.91
344,344,Prince Rupert,CA,2022-05-24 20:18:15,54.3161,-130.3201,284.2,69,100,3.09
345,345,Conway,US,2022-05-24 20:21:32,35.0887,-92.4421,296.04,100,100,3.6
346,346,Marzuq,YE,2022-05-24 20:21:33,14.4,46.4667,298.96,36,88,2.15
347,347,Puerto Suarez,BO,2022-05-24 20:21:33,-18.95,-57.8,307.35,52,20,5.14
348,348,Ternate,ID,2022-05-24 20:21:33,0.8,127.4,299.82,78,100,0.97
349,349,Hauterive,FR,2022-05-24 20:21:33,46.0901,3.4459,286.57,88,100,0.77
350,350,Saint Anthony,US,2022-05-24 20:21:34,45.0205,-93.218,294.45,31,0,6.69
351,351,Paso De Los Toros,UY,2022-05-24 20:21:34,-32.8167,-56.5167,292.95,72,100,0.84
352,352,Mumford,GH,2022-05-24 20:21:34,5.2618,-0.759,299.22,83,100,4.83
353,353,Manitouwadge,CA,2022-05-24 20:21:35,49.1215,-85.8403,288.93,38,12,6.87
354,354,Tay Ninh,VN,2022-05-24 20:21:35,11.3,106.1,299.11,84,100,2.32
355,355,Kurumkan,RU,2022-05-24 20:21:35,54.3,110.3,283.06,49,7,0.84
356,356,Veraval,IN,2022-05-24 20:21:35,20.9,70.3667,301.73,77,0,6.07
357,357,Asau,RO,2022-05-24 20:21:36,46.4333,26.4,286.66,90,42,1.11
358,358,Matara,LK,2022-05-24 20:21:36,5.9485,80.5353,298.1,89,100,4.43
359,359,Katsuura,JP,2022-05-24 20:21:36,35.1333,140.3,291.82,82,86,3.51
360,360,Puerto Escondido,MX,2022-05-24 20:21:37,15.85,-97.0667,304.12,65,21,4.59
361,361,Maniitsoq,GL,2022-05-24 20:21:37,65.4167,-52.9,271.02,83,100,5.7
362,362,Piacabucu,BR,2022-05-24 20:21:37,-10.4056,-36.4344,297.83,84,21,5.76
363,363,Sarkand,KZ,2022-05-24 20:21:37,45.41,79.9186,291.39,67,98,2.24
364,364,Kahului,US,2022-05-24 20:18:42,20.8947,-156.47,301.16,68,40,10.29
365,365,Maniwaki,CA,2022-05-24 20:21:38,46.3834,-75.966,289.36,41,100,2.06
366,366,Den Helder,NL,2022-05-24 20:21:58,52.9599,4.7593,285.94,87,89,2.68
367,367,Port Keats,AU,2022-05-24 20:21:58,-14.25,129.55,295.78,70,100,1.97
368,368,Clyde,US,2022-05-24 20:21:59,41.3042,-82.9752,293.66,54,52,4.71
369,369,Benicarlo,ES,2022-05-24 20:21:59,40.4165,0.4271,287.91,68,100,7.65
370,370,Palmer,US,2022-05-24 20:21:59,42.1584,-72.3287,296.06,44,75,1.54
371,371,Pemberton,CA,2022-05-24 20:22:00,50.3164,-122.8027,289.98,65,100,1.88
372,372,Bowling Green,US,2022-05-24 20:17:22,36.9903,-86.4436,298.56,69,0,4.12
373,373,Taltal,CL,2022-05-24 20:22:00,-25.4,-70.4833,290.84,70,24,0.9
374,374,Vicuna,CL,2022-05-24 20:22:00,-30.0319,-70.7081,297.47,26,98,2.43
375,375,Alice Springs,AU,2022-05-24 20:22:00,-23.7,133.8833,284.9,71,75,0.0
376,376,Saint-Augustin,CA,2022-05-24 20:22:01,51.226,-58.6502,285.62,41,89,4.31
377,377,Behbahan,IR,2022-05-24 20:22:01,30.5959,50.2417,301.22,15,0,6.05
378,378,Souillac,MU,2022-05-24 20:22:01,-20.5167,57.5167,296.36,83,75,1.54
379,379,Los Llanos De Aridane,ES,2022-05-24 20:22:02,28.6585,-17.9182,292.01,79,75,6.69
380,380,Churapcha,RU,2022-05-24 20:22:02,62.0025,132.4325,277.02,90,83,3.79
381,381,Lufilufi,WS,2022-05-24 20:22:02,-13.8745,-171.5986,298.59,74,99,8.13
382,382,Funtua,NG,2022-05-24 20:22:02,11.5233,7.3081,302.73,26,7,2.03
383,383,Rawson,AR,2022-05-24 20:18:23,-43.3002,-65.1023,282.49,33,7,8.86
384,384,Sibsagar,IN,2022-05-24 20:22:03,26.9833,94.6333,300.12,77,100,1.07
385,385,Provideniya,RU,2022-05-24 20:22:03,64.3833,-173.3,282.53,49,100,2.72
386,386,Warwick,US,2022-05-24 20:19:18,41.7001,-71.4162,294.18,53,40,6.17
387,387,Tilichiki,RU,2022-05-24 20:22:03,60.4667,166.1,278.35,81,53,0.39
388,388,Vila,PT,2022-05-24 20:22:04,42.0304,-8.1588,282.64,80,90,1.46
389,389,Fairbanks,US,2022-05-24 20:17:06,64.8378,-147.7164,289.27,32,20,1.54
390,390,Palu,ID,2022-05-24 20:22:04,-0.8917,119.8707,298.14,88,99,1.27
391,391,Kieta,PG,2022-05-24 20:22:04,-6.2167,155.6333,298.83,78,19,1.3
392,392,Olafsvik,IS,2022-05-24 20:22:05,64.8945,-23.7142,280.0,83,100,2.37
393,393,San Ramon,US,2022-05-24 20:22:05,37.7799,-121.978,308.68,19,0,3.6
394,394,Taozhuang,CN,2022-05-24 20:22:05,34.85,117.3333,290.98,89,10,2.99
395,395,Terney,RU,2022-05-24 20:22:06,45.0503,136.6092,284.81,97,99,1.0
396,396,Ebolowa,CM,2022-05-24 20:22:06,2.9,11.15,293.34,99,100,1.11
397,397,Nova Olimpia,BR,2022-05-24 20:22:06,-14.7972,-57.2881,305.59,25,6,2.11
398,398,Havre-Saint-Pierre,CA,2022-05-24 20:22:07,50.2334,-63.5986,286.35,47,0,6.69
399,399,Faanui,PF,2022-05-24 20:22:07,-16.4833,-151.75,300.61,69,5,7.86
400,400,Corrente,BR,2022-05-24 20:22:07,-3.7367,-43.3394,298.42,85,100,1.04
401,401,Goderich,CA,2022-05-24 20:22:08,43.7501,-81.7165,288.33,58,53,4.63
402,402,Harwich,GB,2022-05-24 20:22:08,51.9419,1.2844,285.49,83,29,2.24
403,403,Saint-Philippe,RE,2022-05-24 20:22:08,-21.3585,55.7679,294.92,81,38,5.32
404,404,Coquimbo,CL,2022-05-24 20:22:08,-29.9533,-71.3436,288.0,94,100,5.66
405,405,Umea,SE,2022-05-24 20:22:09,63.8284,20.2597,282.11,66,0,1.03
406,406,Yumen,CN,2022-05-24 20:22:09,40.2833,97.2,293.36,26,100,13.02
407,407,Longhua,CN,2022-05-24 20:22:09,23.6137,114.1919,297.6,98,100,0.68
408,408,Ketchikan,US,2022-05-24 20:22:10,55.3422,-131.6461,284.41,58,75,2.06
409,409,Brae,GB,2022-05-24 20:22:10,60.3964,-1.353,282.29,78,100,3.13
410,410,Jacareacanga,BR,2022-05-24 20:22:10,-6.2222,-57.7528,300.56,74,100,1.17
411,411,Banhigan,PH,2022-05-24 20:22:31,9.859,123.3893,300.51,80,88,1.12
412,412,Agadez,NE,2022-05-24 20:22:31,19.75,10.25,306.19,10,99,4.46
413,413,Mareeba,AU,2022-05-24 20:22:31,-17.0,145.4333,291.55,94,40,0.83
414,414,Papagaios,BR,2022-05-24 20:22:31,-19.4492,-44.7478,294.49,46,75,2.32
415,415,Airai,TL,2022-05-24 20:22:32,-8.9266,125.4092,288.98,96,85,1.38
416,416,Farafangana,MG,2022-05-24 20:22:32,-22.8167,47.8333,294.66,91,43,3.18
417,417,Lasa,IT,2022-05-24 20:22:32,46.6166,10.7002,287.64,93,100,1.27
418,418,Stromness,GB,2022-05-24 20:22:33,58.965,-3.296,284.13,84,13,0.45
419,419,Abyek,IR,2022-05-24 20:22:33,36.0667,50.55,291.93,48,0,3.71
420,420,Karratha,AU,2022-05-24 20:22:33,-20.7377,116.8463,296.2,44,3,3.25
421,421,Acarau,BR,2022-05-24 20:22:33,-2.8856,-40.12,299.19,84,61,4.26
422,422,Husavik,IS,2022-05-24 20:22:34,66.0449,-17.3389,280.84,78,100,4.71
423,423,Rahuri,IN,2022-05-24 20:22:34,19.3833,74.65,300.02,63,0,5.87
424,424,Puerto Del Rosario,ES,2022-05-24 20:22:34,28.5004,-13.8627,294.01,78,75,10.29
425,425,Burnie,AU,2022-05-24 20:22:35,-41.0667,145.9167,283.12,82,100,4.95
426,426,Cayenne,GF,2022-05-24 20:22:35,4.9333,-52.3333,302.17,21,75,7.2
427,427,Vardo,NO,2022-05-24 20:22:35,70.3705,31.1107,277.14,87,0,6.69
428,428,Doka,SD,2022-05-24 20:22:35,13.5167,35.7667,306.14,29,87,2.68
429,429,Falmouth,GB,2022-05-24 20:13:37,50.1544,-5.0711,286.65,76,75,4.63
430,430,Daru,PG,2022-05-24 20:22:36,-9.0763,143.2092,299.87,82,89,4.82
431,431,Bandarbeyla,SO,2022-05-24 20:22:36,9.4942,50.8122,300.19,82,7,11.99
432,432,Tumkur,IN,2022-05-24 20:22:36,13.3422,77.1017,296.9,71,71,1.5
433,433,Pavlohrad,UA,2022-05-24 20:22:37,48.5167,35.8667,284.28,66,97,2.6
434,434,Adrar,MR,2022-05-24 20:22:37,20.5022,-10.0711,307.32,8,0,3.58
435,435,Baoshan,CN,2022-05-24 20:22:37,46.5586,131.4244,282.36,96,100,2.17
436,436,Lompoc,US,2022-05-24 20:22:06,34.6391,-120.4579,303.58,60,0,4.12
437,437,Plainfield,US,2022-05-24 20:22:38,40.6168,-74.4173,293.47,54,100,4.63
438,438,Nanortalik,GL,2022-05-24 20:22:38,60.1432,-45.2371,274.2,66,23,14.17
439,439,Aloleng,PH,2022-05-24 20:22:38,16.1307,119.7824,300.99,79,16,3.49
440,440,Coihaique,CL,2022-05-24 20:18:34,-45.5752,-72.0662,277.49,85,8,2.1
441,441,Port Hedland,AU,2022-05-24 20:22:38,-20.3167,118.5667,295.18,83,3,3.6
442,442,Xichang,CN,2022-05-24 20:22:39,27.8964,102.2634,292.08,90,68,0.43
443,443,Yulara,AU,2022-05-24 20:22:39,-25.2406,130.9889,288.28,63,28,1.99
444,444,Sao Felix Do Xingu,BR,2022-05-24 20:22:39,-6.6447,-51.995,302.24,62,12,2.22
445,445,Sale,MA,2022-05-24 20:22:40,34.0389,-6.8166,291.9,68,75,2.57
446,446,Kristiansund,NO,2022-05-24 20:22:40,63.1115,7.732,288.51,51,75,1.54
447,447,Ekhabi,RU,2022-05-24 20:22:40,53.5102,142.9671,273.43,97,100,6.28
448,448,Uthal,PK,2022-05-24 20:22:41,25.8072,66.6219,301.19,82,33,2.83
449,449,Ugoofaaru,MV,2022-05-24 20:22:41,5.6667,73.0,301.48,76,99,4.39
450,450,North Adams,US,2022-05-24 20:22:41,42.7009,-73.1087,296.04,38,100,2.06
451,451,Wajir,KE,2022-05-24 20:22:41,1.7471,40.0573,300.56,66,94,7.34
452,452,Rio Gallegos,AR,2022-05-24 20:22:41,-51.6226,-69.2181,278.18,60,20,8.75
453,453,Vila Velha,BR,2022-05-24 20:19:50,-20.3297,-40.2925,296.12,78,40,1.54
454,454,Misratah,LY,2022-05-24 20:22:42,32.3754,15.0925,296.51,57,0,5.27
455,455,Lillooet,CA,2022-05-24 20:22:42,50.6856,-121.942,289.21,52,100,1.87
456,456,San Juan,AR,2022-05-24 20:21:59,-31.5375,-68.5364,290.11,40,34,3.27
457,457,Bambous Virieux,MU,2022-05-24 20:22:42,-20.3428,57.7575,296.29,83,75,1.54
458,458,Ormara,PK,2022-05-24 20:22:43,25.2088,64.6357,300.61,91,11,2.68
459,459,Geraldton,AU,2022-05-24 20:23:03,-28.7667,114.6,287.38,88,85,3.6
460,460,Inongo,CD,2022-05-24 20:23:03,-1.95,18.2667,294.29,96,99,0.87
461,461,Corrales,US,2022-05-24 20:23:04,35.2378,-106.6067,297.06,17,75,7.15
462,462,Pahrump,US,2022-05-24 20:23:04,36.2083,-115.9839,305.1,6,29,3.13
463,463,Broken Hill,AU,2022-05-24 20:23:04,-31.95,141.4333,287.36,74,100,4.55
464,464,Aswan,EG,2022-05-24 20:23:05,24.0934,32.907,302.76,15,0,2.06
465,465,Benguela,AO,2022-05-24 20:23:05,-12.5763,13.4055,294.41,85,16,1.49
466,466,Bonthe,SL,2022-05-24 20:23:05,7.5264,-12.505,298.32,83,86,1.95
467,467,Namatanai,PG,2022-05-24 20:23:05,-3.6667,152.4333,298.61,76,99,3.06
468,468,Karpogory,RU,2022-05-24 20:23:06,64.0019,44.4451,275.07,91,14,3.27
469,469,Atambua,ID,2022-05-24 20:23:06,-9.1061,124.8925,295.76,91,62,2.22
470,470,Victoria,HK,2022-05-24 20:21:41,22.2855,114.1577,298.69,92,100,5.81
471,471,Sherlovaya Gora,RU,2022-05-24 20:23:06,50.5667,116.25,282.87,34,82,2.61
472,472,Caravelas,BR,2022-05-24 20:23:07,-17.7125,-39.2481,294.92,82,18,2.51
473,473,San Cristobal,VE,2022-05-24 20:23:07,7.7669,-72.225,301.25,58,98,2.74
474,474,Port Macquarie,AU,2022-05-24 20:23:07,-31.4333,152.9167,284.2,91,21,2.63
475,475,Noshiro,JP,2022-05-24 20:23:08,40.2039,140.0242,286.39,77,0,2.51
476,476,San Quintin,MX,2022-05-24 20:23:08,30.4833,-115.95,292.1,62,0,4.61
477,477,Lodja,CD,2022-05-24 20:23:08,-3.4833,23.4333,293.83,99,95,1.12
478,478,Nishihara,JP,2022-05-24 20:23:09,26.1842,127.7558,295.96,94,75,8.23
479,479,Pangnirtung,CA,2022-05-24 20:23:09,66.1451,-65.7125,266.15,58,100,1.54
480,480,Sakakah,SA,2022-05-24 20:23:09,29.9697,40.2064,297.91,17,0,3.75
481,481,Marsh Harbour,BS,2022-05-24 20:23:10,26.5412,-77.0636,299.27,67,14,5.82
482,482,Killam,CA,2022-05-24 20:23:10,52.7834,-111.8518,292.12,34,100,5.14
483,483,Lubango,AO,2022-05-24 20:23:10,-14.9172,13.4925,287.38,33,0,2.11
484,484,Kedrovyy,RU,2022-05-24 20:23:11,56.1667,91.8167,280.38,85,0,2.09
485,485,Berdigestyakh,RU,2022-05-24 20:23:11,62.0989,126.6992,275.71,96,100,2.25
486,486,Novoagansk,RU,2022-05-24 20:23:11,61.9449,76.6625,284.04,90,90,1.21
487,487,Nowy Dwor Gdanski,PL,2022-05-24 20:23:11,54.2131,19.1177,288.26,95,100,4.14
488,488,Jhang,PK,2022-05-24 20:19:32,33.6748,72.6963,297.93,35,0,3.86
489,489,Tignere,CM,2022-05-24 20:23:12,7.3667,12.65,292.29,89,63,0.95
490,490,Aitape,PG,2022-05-24 20:23:12,-3.1374,142.3475,298.66,87,99,1.81
491,491,Kudahuvadhoo,MV,2022-05-24 20:23:12,2.6708,72.8944,301.32,74,83,1.86
492,492,Tsuruoka,JP,2022-05-24 20:23:13,38.7217,139.8217,287.27,72,0,2.9
493,493,Mount Pleasant,US,2022-05-24 20:23:13,32.7941,-79.8626,304.23,67,0,7.2
494,494,Vilcun,CL,2022-05-24 20:23:13,-38.65,-72.2333,281.56,86,79,1.86
495,495,Taksimo,RU,2022-05-24 20:23:14,56.3444,114.8794,283.18,59,14,2.35
496,496,Vaitape,PF,2022-05-24 20:23:14,-16.5167,-151.75,300.59,70,5,7.86
497,497,Zambezi,ZM,2022-05-24 20:23:14,-13.5432,23.1047,286.12,42,0,2.01
498,498,Zunyi,CN,2022-05-24 20:23:14,27.6867,106.9072,291.81,95,100,1.06
499,499,Hibbing,US,2022-05-24 20:21:14,47.4272,-92.9377,294.02,34,100,3.09
500,500,Vanavara,RU,2022-05-24 20:23:15,60.34,102.2797,282.61,63,80,2.34
501,501,Bourail,NC,2022-05-24 20:23:15,-21.5667,165.4833,295.2,86,100,2.3
502,502,Nong Kung Si,TH,2022-05-24 20:23:15,16.65,103.3,299.72,99,100,3.73
503,503,Hami,CN,2022-05-24 20:23:16,42.8,93.45,301.3,15,76,6.4
504,504,Agadir,MA,2022-05-24 20:23:16,30.4202,-9.5982,294.4,72,84,1.63
505,505,Laurel,US,2022-05-24 20:23:36,39.0993,-76.8483,291.05,76,100,4.63
506,506,Panaba,MX,2022-05-24 20:23:37,21.2833,-88.2667,311.07,22,14,8.0
507,507,Wanning,CN,2022-05-24 20:23:37,18.8003,110.3967,298.35,94,100,0.5
508,508,Ca Mau,VN,2022-05-24 20:23:37,9.1769,105.15,299.62,88,98,1.6
509,509,Yantal,RU,2022-05-24 20:23:38,56.8471,105.2542,283.0,67,2,1.72
510,510,Savannah Bight,HN,2022-05-24 20:23:38,16.45,-85.85,300.7,83,22,13.56
511,511,Marsa Matruh,EG,2022-05-24 20:23:38,31.3525,27.2453,292.26,63,0,1.03
512,512,Siguiri,GN,2022-05-24 20:23:38,11.6667,-9.5,301.86,48,54,2.02
513,513,Flinders,AU,2022-05-24 20:23:39,-34.5833,150.8552,285.47,94,24,0.89
514,514,Wahpeton,US,2022-05-24 20:23:39,46.2652,-96.6059,294.55,34,20,5.66
515,515,Novikovo,RU,2022-05-24 20:23:39,51.1537,37.8879,281.34,81,22,1.98
516,516,Mandurah,AU,2022-05-24 20:23:39,-32.55,115.7,287.78,79,34,3.14
517,517,Khuchni,RU,2022-05-24 20:21:08,41.9499,47.9485,284.22,86,100,0.35
518,518,Hoima,UG,2022-05-24 20:23:40,1.4356,31.3436,291.75,96,100,1.02
519,519,Iwanai,JP,2022-05-24 20:23:40,42.9744,140.5089,285.41,78,21,2.82
520,520,Vinukonda,IN,2022-05-24 20:23:40,16.05,79.75,307.24,36,100,1.84
521,521,Tevaitoa,PF,2022-05-24 20:23:41,-16.7833,-151.5,300.29,71,2,7.72
522,522,Hirara,JP,2022-05-24 20:23:41,24.8,125.2833,296.86,91,100,1.78
523,523,Monrovia,LR,2022-05-24 20:23:41,6.3005,-10.7969,297.53,87,98,3.61
524,524,Unity,CA,2022-05-24 20:23:42,52.4501,-109.1682,292.18,34,100,5.64
525,525,Amga,RU,2022-05-24 20:23:42,60.8953,131.9608,278.59,92,99,0.87
526,526,Havelock,US,2022-05-24 20:23:42,34.8791,-76.9013,302.15,77,40,9.26
527,527,Chardara,KZ,2022-05-24 20:23:42,41.2547,67.9692,295.37,38,0,3.59
528,528,Banda Aceh,ID,2022-05-24 20:23:43,5.5577,95.3222,300.4,79,98,6.22
529,529,Tiarei,PF,2022-05-24 20:23:43,-17.5333,-149.3333,301.16,70,0,6.83
530,530,Tual,ID,2022-05-24 20:23:43,-5.6667,132.75,300.87,79,90,6.71
531,531,Wellington,NZ,2022-05-24 20:22:11,-41.2866,174.7756,282.96,87,2,3.09
532,532,Pangkalanbuun,ID,2022-05-24 20:23:44,-2.6833,111.6167,298.54,94,99,0.27
533,533,Asosa,ET,2022-05-24 20:23:44,10.0667,34.5333,292.03,78,100,0.89
534,534,Trofors,NO,2022-05-24 20:23:44,65.5333,13.4063,289.08,50,96,3.52
535,535,Tashtyp,RU,2022-05-24 20:23:44,52.7939,89.8983,284.02,90,97,0.84
536,536,Borovichi,RU,2022-05-24 20:23:45,58.3878,33.9155,277.51,72,100,1.67
537,537,Yeppoon,AU,2022-05-24 20:23:45,-23.1333,150.7333,290.03,88,99,5.64
538,538,Puga,MX,2022-05-24 20:23:45,21.5833,-104.8167,308.19,26,0,3.6
539,539,Zhezkazgan,KZ,2022-05-24 20:23:46,47.8043,67.7144,291.5,32,89,4.62
540,540,Dakar,SN,2022-05-24 20:23:02,14.6937,-17.4441,296.22,78,75,8.23
541,541,Necochea,AR,2022-05-24 20:23:46,-38.5473,-58.7368,285.3,63,0,3.26
542,542,Togur,RU,2022-05-24 20:23:46,58.3631,82.8265,287.92,63,3,2.29
543,543,Sadiqabad,PK,2022-05-24 20:23:46,28.3062,70.1307,306.29,20,0,6.79
544,544,Soe,ID,2022-05-24 20:23:47,-9.8607,124.284,292.46,92,83,1.5
545,545,Vredendal,ZA,2022-05-24 20:23:47,-31.6683,18.5012,287.15,88,13,1.65
546,546,Ajaccio,FR,2022-05-24 20:23:47,42.0,8.9167,292.18,78,0,1.54
547,547,Genhe,CN,2022-05-24 20:23:48,50.7833,121.5167,278.43,73,41,1.6
548,548,Coahuayana,MX,2022-05-24 20:23:48,18.7333,-103.6833,304.3,52,88,3.96
549,549,Yashkul,RU,2022-05-24 20:23:48,46.1711,45.3435,287.07,51,42,3.47
550,550,Mitchell,US,2022-05-24 20:19:14,43.7094,-98.0298,293.56,31,0,7.2
551,551,Eyemouth,GB,2022-05-24 20:23:49,55.8713,-2.0901,285.5,81,8,6.59
552,552,Rexburg,US,2022-05-24 20:24:12,43.826,-111.7897,291.16,33,75,3.09
553,553,Jacqueville,CI,2022-05-24 20:24:12,5.2052,-4.4146,298.89,84,100,4.78
554,554,Jalu,LY,2022-05-24 20:24:13,29.0331,21.5482,302.94,10,0,3.7
555,555,Kaoma,ZM,2022-05-24 20:24:13,-14.7833,24.8,285.38,45,0,1.65
556,556,Ovsyanka,RU,2022-05-24 20:24:13,55.9575,92.5519,281.69,91,0,0.79
557,557,Surt,LY,2022-05-24 20:24:13,31.2089,16.5887,296.88,48,0,6.68
558,558,Sambava,MG,2022-05-24 20:24:14,-14.2667,50.1667,294.85,87,9,4.26
559,559,Mackenzie,CA,2022-05-24 20:20:10,55.2999,-123.1698,285.27,43,75,2.06
560,560,Bud,US,2022-05-24 20:24:14,39.447,-86.1758,297.86,53,92,4.95
561,561,Itaituba,BR,2022-05-24 20:24:14,-4.2761,-55.9836,305.24,66,40,4.12
562,562,Tacuarembo,UY,2022-05-24 20:24:15,-31.7333,-55.9833,294.26,71,48,1.67
563,563,Shache,CN,2022-05-24 20:24:15,38.4167,77.2406,292.86,42,100,3.65
